year,year_code,country_name,country_code,prop_urban
2016,YR2016,Afghanistan,AFG,25.02
2016,YR2016,Albania,ALB,58.421
2016,YR2016,Algeria,DZA,71.459
2016,YR2016,American Samoa,ASM,87.198
2016,YR2016,Andorra,AND,88.248
2016,YR2016,Angola,AGO,64.149
2016,YR2016,Antigua and Barbuda,ATG,24.846
2016,YR2016,Argentina,ARG,91.627
2016,YR2016,Armenia,ARM,63.082
2016,YR2016,Aruba,ABW,43.192
2016,YR2016,Australia,AUS,85.8
2016,YR2016,Austria,AUT,57.905
2016,YR2016,Azerbaijan,AZE,55.021
2016,YR2016,"Bahamas, The",BHS,82.832
2016,YR2016,Bahrain,BHR,89.09
2016,YR2016,Bangladesh,BGD,35.083
2016,YR2016,Barbados,BRB,31.193
2016,YR2016,Belarus,BLR,77.661
2016,YR2016,Belgium,BEL,97.919
2016,YR2016,Belize,BLZ,45.495
2016,YR2016,Benin,BEN,46.229
2016,YR2016,Bermuda,BMU,100
2016,YR2016,Bhutan,BTN,39.428
2016,YR2016,Bolivia,BOL,68.738
2016,YR2016,Bosnia and Herzegovina,BIH,47.518
2016,YR2016,Botswana,BWA,67.933
2016,YR2016,Brazil,BRA,86.042
2016,YR2016,British Virgin Islands,VGB,46.957
2016,YR2016,Brunei Darussalam,BRN,76.99
2016,YR2016,Bulgaria,BGR,74.329
2016,YR2016,Burkina Faso,BFA,28.134
2016,YR2016,Burundi,BDI,12.388
2016,YR2016,Cabo Verde,CPV,64.784
2016,YR2016,Cambodia,KHM,22.582
2016,YR2016,Cameroon,CMR,55.179
2016,YR2016,Canada,CAN,81.3
2016,YR2016,Cayman Islands,CYM,100
2016,YR2016,Central African Republic,CAF,40.618
2016,YR2016,Chad,TCD,22.677
2016,YR2016,Channel Islands,CHI,30.93
2016,YR2016,Chile,CHL,87.422
2016,YR2016,China,CHN,56.736
2016,YR2016,Colombia,COL,80.108
2016,YR2016,Comoros,COM,28.619
2016,YR2016,"Congo, Dem. Rep.",COD,43.307
2016,YR2016,"Congo, Rep.",COG,66.001
2016,YR2016,Costa Rica,CRI,77.735
2016,YR2016,Cote d'Ivoire,CIV,49.881
2016,YR2016,Croatia,HRV,56.403
2016,YR2016,Cuba,CUB,76.93
2016,YR2016,Curacao,CUW,89.272
2016,YR2016,Cyprus,CYP,66.881
2016,YR2016,Czechia,CZE,73.57
2016,YR2016,Denmark,DNK,87.642
2016,YR2016,Djibouti,DJI,77.528
2016,YR2016,Dominica,DMA,69.88
2016,YR2016,Dominican Republic,DOM,79.436
2016,YR2016,Ecuador,ECU,63.534
2016,YR2016,"Egypt, Arab Rep.",EGY,42.732
2016,YR2016,El Salvador,SLV,70.501
2016,YR2016,Equatorial Guinea,GNQ,71.138
2016,YR2016,Eritrea,ERI,38.827
2016,YR2016,Estonia,EST,68.563
2016,YR2016,Eswatini,SWZ,23.459
2016,YR2016,Ethiopia,ETH,19.866
2016,YR2016,Faroe Islands,FRO,41.777
2016,YR2016,Fiji,FJI,55.235
2016,YR2016,Finland,FIN,85.275
2016,YR2016,France,FRA,79.917
2016,YR2016,French Polynesia,PYF,61.734
2016,YR2016,Gabon,GAB,88.559
2016,YR2016,"Gambia, The",GMB,59.918
2016,YR2016,Georgia,GEO,57.837
2016,YR2016,Germany,DEU,77.224
2016,YR2016,Ghana,GHA,54.749
2016,YR2016,Gibraltar,GIB,100
2016,YR2016,Greece,GRC,78.387
2016,YR2016,Greenland,GRL,86.326
2016,YR2016,Grenada,GRD,36.072
2016,YR2016,Guam,GUM,94.617
2016,YR2016,Guatemala,GTM,50.319
2016,YR2016,Guinea,GIN,35.46
2016,YR2016,Guinea-Bissau,GNB,42.533
2016,YR2016,Guyana,GUY,26.482
2016,YR2016,Haiti,HTI,53.396
2016,YR2016,Honduras,HND,55.813
2016,YR2016,"Hong Kong SAR, China",HKG,100
2016,YR2016,Hungary,HUN,70.779
2016,YR2016,Iceland,ISL,93.735
2016,YR2016,India,IND,33.182
2016,YR2016,Indonesia,IDN,53.989
2016,YR2016,"Iran, Islamic Rep.",IRN,73.88
2016,YR2016,Iraq,IRQ,70.094
2016,YR2016,Ireland,IRL,62.737
2016,YR2016,Isle of Man,IMN,52.343
2016,YR2016,Israel,ISR,92.256
2016,YR2016,Italy,ITA,69.855
2016,YR2016,Jamaica,JAM,55.098
2016,YR2016,Japan,JPN,91.457
2016,YR2016,Jordan,JOR,90.506
2016,YR2016,Kazakhstan,KAZ,57.264
2016,YR2016,Kenya,KEN,26.105
2016,YR2016,Kiribati,KIR,52.45
2016,YR2016,"Korea, Dem. People's Rep.",PRK,61.471
2016,YR2016,"Korea, Rep.",KOR,81.562
2016,YR2016,Kosovo,XKX
2016,YR2016,Kuwait,KWT,100
2016,YR2016,Kyrgyz Republic,KGZ,35.944
2016,YR2016,Lao PDR,LAO,33.736
2016,YR2016,Latvia,LVA,68.021
2016,YR2016,Lebanon,LBN,88.266
2016,YR2016,Lesotho,LSO,27.317
2016,YR2016,Liberia,LBR,50.254
2016,YR2016,Libya,LBY,79.54
2016,YR2016,Liechtenstein,LIE,14.303
2016,YR2016,Lithuania,LTU,67.366
2016,YR2016,Luxembourg,LUX,90.46
2016,YR2016,"Macao SAR, China",MAC,100
2016,YR2016,Madagascar,MDG,35.856
2016,YR2016,Malawi,MWI,16.506
2016,YR2016,Malaysia,MYS,74.84
2016,YR2016,Maldives,MDV,38.954
2016,YR2016,Mali,MLI,40.783
2016,YR2016,Malta,MLT,94.48
2016,YR2016,Marshall Islands,MHL,76.228
2016,YR2016,Mauritania,MRT,51.962
2016,YR2016,Mauritius,MUS,40.91
2016,YR2016,Mexico,MEX,79.577
2016,YR2016,"Micronesia, Fed. Sts.",FSM,22.526
2016,YR2016,Moldova,MDA,42.511
2016,YR2016,Monaco,MCO,100
2016,YR2016,Mongolia,MNG,68.297
2016,YR2016,Montenegro,MNE,66.141
2016,YR2016,Morocco,MAR,61.36
2016,YR2016,Mozambique,MOZ,34.926
2016,YR2016,Myanmar,MMR,30.082
2016,YR2016,Namibia,NAM,47.961
2016,YR2016,Nauru,NRU,100
2016,YR2016,Nepal,NPL,18.942
2016,YR2016,Netherlands,NLD,90.635
2016,YR2016,New Caledonia,NCL,69.821
2016,YR2016,New Zealand,NZL,86.4
2016,YR2016,Nicaragua,NIC,58.09
2016,YR2016,Niger,NER,16.29
2016,YR2016,Nigeria,NGA,48.683
2016,YR2016,North Macedonia,MKD,57.563
2016,YR2016,Northern Mariana Islands,MNP,91.443
2016,YR2016,Norway,NOR,81.485
2016,YR2016,Oman,OMN,82.5
2016,YR2016,Pakistan,PAK,36.234
2016,YR2016,Palau,PLW,78.775
2016,YR2016,Panama,PAN,67.027
2016,YR2016,Papua New Guinea,PNG,13.05
2016,YR2016,Paraguay,PRY,61.026
2016,YR2016,Peru,PER,77.539
2016,YR2016,Philippines,PHL,46.475
2016,YR2016,Poland,POL,60.178
2016,YR2016,Portugal,PRT,64.086
2016,YR2016,Puerto Rico,PRI,93.602
2016,YR2016,Qatar,QAT,99.015
2016,YR2016,Romania,ROU,53.9
2016,YR2016,Russian Federation,RUS,74.164
2016,YR2016,Rwanda,RWA,17.056
2016,YR2016,Samoa,WSM,18.681
2016,YR2016,San Marino,SMR,96.91
2016,YR2016,Sao Tome and Principe,STP,71.092
2016,YR2016,Saudi Arabia,SAU,83.401
2016,YR2016,Senegal,SEN,46.296
2016,YR2016,Serbia,SRB,55.81
2016,YR2016,Seychelles,SYC,55.831
2016,YR2016,Sierra Leone,SLE,41.228
2016,YR2016,Singapore,SGP,100
2016,YR2016,Sint Maarten (Dutch part),SXM,100
2016,YR2016,Slovak Republic,SVK,53.806
2016,YR2016,Slovenia,SVN,54.02
2016,YR2016,Solomon Islands,SLB,22.823
2016,YR2016,Somalia,SOM,43.816
2016,YR2016,South Africa,ZAF,65.341
2016,YR2016,South Sudan,SSD,19.092
2016,YR2016,Spain,ESP,79.84
2016,YR2016,Sri Lanka,LKA,18.311
2016,YR2016,St. Kitts and Nevis,KNA,30.79
2016,YR2016,St. Lucia,LCA,18.558
2016,YR2016,St. Martin (French part),MAF
2016,YR2016,St. Vincent and the Grenadines,VCT,51.373
2016,YR2016,Sudan,SDN,34.121
2016,YR2016,Suriname,SUR,66.04
2016,YR2016,Sweden,SWE,86.852
2016,YR2016,Switzerland,CHE,73.739
2016,YR2016,Syrian Arab Republic,SYR,52.835
2016,YR2016,Tajikistan,TJK,26.851
2016,YR2016,Tanzania,TZA,32.333
2016,YR2016,Thailand,THA,48.448
2016,YR2016,Timor-Leste,TLS,29.85
2016,YR2016,Togo,TGO,40.628
2016,YR2016,Tonga,TON,23.222
2016,YR2016,Trinidad and Tobago,TTO,53.25
2016,YR2016,Tunisia,TUN,68.346
2016,YR2016,Turkiye,TUR,74.134
2016,YR2016,Turkmenistan,TKM,50.728
2016,YR2016,Turks and Caicos Islands,TCA,92.517
2016,YR2016,Tuvalu,TUV,60.645
2016,YR2016,Uganda,UGA,22.624
2016,YR2016,Ukraine,UKR,69.154
2016,YR2016,United Arab Emirates,ARE,85.965
2016,YR2016,United Kingdom,GBR,82.886
2016,YR2016,United States,USA,81.862
2016,YR2016,Uruguay,URY,95.144
2016,YR2016,Uzbekistan,UZB,50.65
2016,YR2016,Vanuatu,VUT,25.062
2016,YR2016,"Venezuela, RB",VEN,88.165
2016,YR2016,Vietnam,VNM,34.51
2016,YR2016,Virgin Islands (U.S.),VIR,95.48
2016,YR2016,West Bank and Gaza,PSE,75.628
2016,YR2016,"Yemen, Rep.",YEM,35.394
2016,YR2016,Zambia,ZMB,42.438
2016,YR2016,Zimbabwe,ZWE,32.296
2017,YR2017,Afghanistan,AFG,25.25
2017,YR2017,Albania,ALB,59.383
2017,YR2017,Algeria,DZA,72.052
2017,YR2017,American Samoa,ASM,87.17
2017,YR2017,Andorra,AND,88.15
2017,YR2017,Angola,AGO,64.839
2017,YR2017,Antigua and Barbuda,ATG,24.713
2017,YR2017,Argentina,ARG,91.749
2017,YR2017,Armenia,ARM,63.103
2017,YR2017,Aruba,ABW,43.293
2017,YR2017,Australia,AUS,85.904
2017,YR2017,Austria,AUT,58.094
2017,YR2017,Azerbaijan,AZE,55.343
2017,YR2017,"Bahamas, The",BHS,82.925
2017,YR2017,Bahrain,BHR,89.186
2017,YR2017,Bangladesh,BGD,35.858
2017,YR2017,Barbados,BRB,31.159
2017,YR2017,Belarus,BLR,78.134
2017,YR2017,Belgium,BEL,97.961
2017,YR2017,Belize,BLZ,45.601
2017,YR2017,Benin,BEN,46.768
2017,YR2017,Bermuda,BMU,100
2017,YR2017,Bhutan,BTN,40.167
2017,YR2017,Bolivia,BOL,69.08
2017,YR2017,Bosnia and Herzegovina,BIH,47.876
2017,YR2017,Botswana,BWA,68.7
2017,YR2017,Brazil,BRA,86.309
2017,YR2017,British Virgin Islands,VGB,47.337
2017,YR2017,Brunei Darussalam,BRN,77.312
2017,YR2017,Bulgaria,BGR,74.669
2017,YR2017,Burkina Faso,BFA,28.743
2017,YR2017,Burundi,BDI,12.706
2017,YR2017,Cabo Verde,CPV,65.261
2017,YR2017,Cambodia,KHM,22.98
2017,YR2017,Cameroon,CMR,55.777
2017,YR2017,Canada,CAN,81.35
2017,YR2017,Cayman Islands,CYM,100
2017,YR2017,Central African Republic,CAF,40.98
2017,YR2017,Chad,TCD,22.858
2017,YR2017,Channel Islands,CHI,30.914
2017,YR2017,Chile,CHL,87.49
2017,YR2017,China,CHN,57.96
2017,YR2017,Colombia,COL,80.446
2017,YR2017,Comoros,COM,28.784
2017,YR2017,"Congo, Dem. Rep.",COD,43.88
2017,YR2017,"Congo, Rep.",COG,66.459
2017,YR2017,Costa Rica,CRI,78.56
2017,YR2017,Cote d'Ivoire,CIV,50.326
2017,YR2017,Croatia,HRV,56.667
2017,YR2017,Cuba,CUB,76.977
2017,YR2017,Curacao,CUW,89.203
2017,YR2017,Cyprus,CYP,66.836
2017,YR2017,Czechia,CZE,73.675
2017,YR2017,Denmark,DNK,87.757
2017,YR2017,Djibouti,DJI,77.648
2017,YR2017,Dominica,DMA,70.181
2017,YR2017,Dominican Republic,DOM,80.277
2017,YR2017,Ecuador,ECU,63.67
2017,YR2017,"Egypt, Arab Rep.",EGY,42.705
2017,YR2017,El Salvador,SLV,71.275
2017,YR2017,Equatorial Guinea,GNQ,71.646
2017,YR2017,Eritrea,ERI,39.451
2017,YR2017,Estonia,EST,68.717
2017,YR2017,Eswatini,SWZ,23.625
2017,YR2017,Ethiopia,ETH,20.31
2017,YR2017,Faroe Islands,FRO,41.914
2017,YR2017,Fiji,FJI,55.742
2017,YR2017,Finland,FIN,85.325
2017,YR2017,France,FRA,80.18
2017,YR2017,French Polynesia,PYF,61.784
2017,YR2017,Gabon,GAB,88.976
2017,YR2017,"Gambia, The",GMB,60.599
2017,YR2017,Georgia,GEO,58.231
2017,YR2017,Germany,DEU,77.261
2017,YR2017,Ghana,GHA,55.407
2017,YR2017,Gibraltar,GIB,100
2017,YR2017,Greece,GRC,78.724
2017,YR2017,Greenland,GRL,86.574
2017,YR2017,Grenada,GRD,36.164
2017,YR2017,Guam,GUM,94.699
2017,YR2017,Guatemala,GTM,50.68
2017,YR2017,Guinea,GIN,35.793
2017,YR2017,Guinea-Bissau,GNB,42.945
2017,YR2017,Guyana,GUY,26.538
2017,YR2017,Haiti,HTI,54.346
2017,YR2017,Honduras,HND,56.457
2017,YR2017,"Hong Kong SAR, China",HKG,100
2017,YR2017,Hungary,HUN,71.062
2017,YR2017,Iceland,ISL,93.773
2017,YR2017,India,IND,33.6
2017,YR2017,Indonesia,IDN,54.659
2017,YR2017,"Iran, Islamic Rep.",IRN,74.394
2017,YR2017,Iraq,IRQ,70.278
2017,YR2017,Ireland,IRL,62.947
2017,YR2017,Isle of Man,IMN,52.458
2017,YR2017,Israel,ISR,92.336
2017,YR2017,Italy,ITA,70.144
2017,YR2017,Jamaica,JAM,55.378
2017,YR2017,Japan,JPN,91.535
2017,YR2017,Jordan,JOR,90.747
2017,YR2017,Kazakhstan,KAZ,57.336
2017,YR2017,Kenya,KEN,26.562
2017,YR2017,Kiribati,KIR,53.262
2017,YR2017,"Korea, Dem. People's Rep.",PRK,61.678
2017,YR2017,"Korea, Rep.",KOR,81.503
2017,YR2017,Kosovo,XKX
2017,YR2017,Kuwait,KWT,100
2017,YR2017,Kyrgyz Republic,KGZ,36.135
2017,YR2017,Lao PDR,LAO,34.368
2017,YR2017,Latvia,LVA,68.075
2017,YR2017,Lebanon,LBN,88.429
2017,YR2017,Lesotho,LSO,27.73
2017,YR2017,Liberia,LBR,50.697
2017,YR2017,Libya,LBY,79.817
2017,YR2017,Liechtenstein,LIE,14.315
2017,YR2017,Lithuania,LTU,67.516
2017,YR2017,Luxembourg,LUX,90.727
2017,YR2017,"Macao SAR, China",MAC,100
2017,YR2017,Madagascar,MDG,36.522
2017,YR2017,Malawi,MWI,16.714
2017,YR2017,Malaysia,MYS,75.447
2017,YR2017,Maldives,MDV,39.38
2017,YR2017,Mali,MLI,41.572
2017,YR2017,Malta,MLT,94.546
2017,YR2017,Marshall Islands,MHL,76.634
2017,YR2017,Mauritania,MRT,52.824
2017,YR2017,Mauritius,MUS,40.841
2017,YR2017,Mexico,MEX,79.867
2017,YR2017,"Micronesia, Fed. Sts.",FSM,22.608
2017,YR2017,Moldova,MDA,42.557
2017,YR2017,Monaco,MCO,100
2017,YR2017,Mongolia,MNG,68.363
2017,YR2017,Montenegro,MNE,66.477
2017,YR2017,Morocco,MAR,61.908
2017,YR2017,Mozambique,MOZ,35.455
2017,YR2017,Myanmar,MMR,30.322
2017,YR2017,Namibia,NAM,49.005
2017,YR2017,Nauru,NRU,100
2017,YR2017,Nepal,NPL,19.336
2017,YR2017,Netherlands,NLD,91.077
2017,YR2017,New Caledonia,NCL,70.256
2017,YR2017,New Zealand,NZL,86.466
2017,YR2017,Nicaragua,NIC,58.299
2017,YR2017,Niger,NER,16.35
2017,YR2017,Nigeria,NGA,49.519
2017,YR2017,North Macedonia,MKD,57.748
2017,YR2017,Northern Mariana Islands,MNP,91.53
2017,YR2017,Norway,NOR,81.871
2017,YR2017,Oman,OMN,83.56
2017,YR2017,Pakistan,PAK,36.442
2017,YR2017,Palau,PLW,79.365
2017,YR2017,Panama,PAN,67.365
2017,YR2017,Papua New Guinea,PNG,13.102
2017,YR2017,Paraguay,PRY,61.3
2017,YR2017,Peru,PER,77.72
2017,YR2017,Philippines,PHL,46.682
2017,YR2017,Poland,POL,60.105
2017,YR2017,Portugal,PRT,64.652
2017,YR2017,Puerto Rico,PRI,93.587
2017,YR2017,Qatar,QAT,99.078
2017,YR2017,Romania,ROU,53.936
2017,YR2017,Russian Federation,RUS,74.292
2017,YR2017,Rwanda,RWA,17.125
2017,YR2017,Samoa,WSM,18.452
2017,YR2017,San Marino,SMR,97.072
2017,YR2017,Sao Tome and Principe,STP,71.968
2017,YR2017,Saudi Arabia,SAU,83.622
2017,YR2017,Senegal,SEN,46.74
2017,YR2017,Serbia,SRB,55.942
2017,YR2017,Seychelles,SYC,56.261
2017,YR2017,Sierra Leone,SLE,41.636
2017,YR2017,Singapore,SGP,100
2017,YR2017,Sint Maarten (Dutch part),SXM,100
2017,YR2017,Slovak Republic,SVK,53.751
2017,YR2017,Slovenia,SVN,54.273
2017,YR2017,Solomon Islands,SLB,23.286
2017,YR2017,Somalia,SOM,44.391
2017,YR2017,South Africa,ZAF,65.85
2017,YR2017,South Sudan,SSD,19.346
2017,YR2017,Spain,ESP,80.08
2017,YR2017,Sri Lanka,LKA,18.384
2017,YR2017,St. Kitts and Nevis,KNA,30.773
2017,YR2017,St. Lucia,LCA,18.612
2017,YR2017,St. Martin (French part),MAF
2017,YR2017,St. Vincent and the Grenadines,VCT,51.784
2017,YR2017,Sudan,SDN,34.37
2017,YR2017,Suriname,SUR,66.041
2017,YR2017,Sweden,SWE,87.146
2017,YR2017,Switzerland,CHE,73.761
2017,YR2017,Syrian Arab Republic,SYR,53.5
2017,YR2017,Tajikistan,TJK,26.982
2017,YR2017,Tanzania,TZA,33.053
2017,YR2017,Thailand,THA,49.2
2017,YR2017,Timor-Leste,TLS,30.212
2017,YR2017,Togo,TGO,41.162
2017,YR2017,Tonga,TON,23.169
2017,YR2017,Trinidad and Tobago,TTO,53.205
2017,YR2017,Tunisia,TUN,68.642
2017,YR2017,Turkiye,TUR,74.644
2017,YR2017,Turkmenistan,TKM,51.153
2017,YR2017,Turks and Caicos Islands,TCA,92.817
2017,YR2017,Tuvalu,TUV,61.53
2017,YR2017,Uganda,UGA,23.196
2017,YR2017,Ukraine,UKR,69.246
2017,YR2017,United Arab Emirates,ARE,86.248
2017,YR2017,United Kingdom,GBR,83.143
2017,YR2017,United States,USA,82.058
2017,YR2017,Uruguay,URY,95.24
2017,YR2017,Uzbekistan,UZB,50.55
2017,YR2017,Vanuatu,VUT,25.163
2017,YR2017,"Venezuela, RB",VEN,88.183
2017,YR2017,Vietnam,VNM,35.213
2017,YR2017,Virgin Islands (U.S.),VIR,95.603
2017,YR2017,West Bank and Gaza,PSE,75.894
2017,YR2017,"Yemen, Rep.",YEM,36.016
2017,YR2017,Zambia,ZMB,42.976
2017,YR2017,Zimbabwe,ZWE,32.237
2018,YR2018,Afghanistan,AFG,25.495
2018,YR2018,Albania,ALB,60.319
2018,YR2018,Algeria,DZA,72.629
2018,YR2018,American Samoa,ASM,87.153
2018,YR2018,Andorra,AND,88.062
2018,YR2018,Angola,AGO,65.514
2018,YR2018,Antigua and Barbuda,ATG,24.599
2018,YR2018,Argentina,ARG,91.87
2018,YR2018,Armenia,ARM,63.149
2018,YR2018,Aruba,ABW,43.411
2018,YR2018,Australia,AUS,86.012
2018,YR2018,Austria,AUT,58.297
2018,YR2018,Azerbaijan,AZE,55.68
2018,YR2018,"Bahamas, The",BHS,83.025
2018,YR2018,Bahrain,BHR,89.287
2018,YR2018,Bangladesh,BGD,36.632
2018,YR2018,Barbados,BRB,31.147
2018,YR2018,Belarus,BLR,78.595
2018,YR2018,Belgium,BEL,98.001
2018,YR2018,Belize,BLZ,45.724
2018,YR2018,Benin,BEN,47.312
2018,YR2018,Bermuda,BMU,100
2018,YR2018,Bhutan,BTN,40.895
2018,YR2018,Bolivia,BOL,69.425
2018,YR2018,Bosnia and Herzegovina,BIH,48.245
2018,YR2018,Botswana,BWA,69.446
2018,YR2018,Brazil,BRA,86.569
2018,YR2018,British Virgin Islands,VGB,47.723
2018,YR2018,Brunei Darussalam,BRN,77.629
2018,YR2018,Bulgaria,BGR,75.008
2018,YR2018,Burkina Faso,BFA,29.358
2018,YR2018,Burundi,BDI,13.032
2018,YR2018,Cabo Verde,CPV,65.732
2018,YR2018,Cambodia,KHM,23.388
2018,YR2018,Cameroon,CMR,56.374
2018,YR2018,Canada,CAN,81.411
2018,YR2018,Cayman Islands,CYM,100
2018,YR2018,Central African Republic,CAF,41.364
2018,YR2018,Chad,TCD,23.059
2018,YR2018,Channel Islands,CHI,30.914
2018,YR2018,Chile,CHL,87.564
2018,YR2018,China,CHN,59.152
2018,YR2018,Colombia,COL,80.778
2018,YR2018,Comoros,COM,28.965
2018,YR2018,"Congo, Dem. Rep.",COD,44.46
2018,YR2018,"Congo, Rep.",COG,66.916
2018,YR2018,Costa Rica,CRI,79.34
2018,YR2018,Cote d'Ivoire,CIV,50.779
2018,YR2018,Croatia,HRV,56.947
2018,YR2018,Cuba,CUB,77.037
2018,YR2018,Curacao,CUW,89.145
2018,YR2018,Cyprus,CYP,66.81
2018,YR2018,Czechia,CZE,73.792
2018,YR2018,Denmark,DNK,87.874
2018,YR2018,Djibouti,DJI,77.777
2018,YR2018,Dominica,DMA,70.483
2018,YR2018,Dominican Republic,DOM,81.074
2018,YR2018,Ecuador,ECU,63.821
2018,YR2018,"Egypt, Arab Rep.",EGY,42.704
2018,YR2018,El Salvador,SLV,72.023
2018,YR2018,Equatorial Guinea,GNQ,72.143
2018,YR2018,Eritrea,ERI,40.08
2018,YR2018,Estonia,EST,68.88
2018,YR2018,Eswatini,SWZ,23.799
2018,YR2018,Ethiopia,ETH,20.763
2018,YR2018,Faroe Islands,FRO,42.064
2018,YR2018,Fiji,FJI,56.248
2018,YR2018,Finland,FIN,85.382
2018,YR2018,France,FRA,80.444
2018,YR2018,French Polynesia,PYF,61.834
2018,YR2018,Gabon,GAB,89.37
2018,YR2018,"Gambia, The",GMB,61.27
2018,YR2018,Georgia,GEO,58.632
2018,YR2018,Germany,DEU,77.312
2018,YR2018,Ghana,GHA,56.06
2018,YR2018,Gibraltar,GIB,100
2018,YR2018,Greece,GRC,79.058
2018,YR2018,Greenland,GRL,86.816
2018,YR2018,Grenada,GRD,36.272
2018,YR2018,Guam,GUM,94.78
2018,YR2018,Guatemala,GTM,51.054
2018,YR2018,Guinea,GIN,36.14
2018,YR2018,Guinea-Bissau,GNB,43.36
2018,YR2018,Guyana,GUY,26.606
2018,YR2018,Haiti,HTI,55.278
2018,YR2018,Honduras,HND,57.096
2018,YR2018,"Hong Kong SAR, China",HKG,100
2018,YR2018,Hungary,HUN,71.351
2018,YR2018,Iceland,ISL,93.813
2018,YR2018,India,IND,34.03
2018,YR2018,Indonesia,IDN,55.325
2018,YR2018,"Iran, Islamic Rep.",IRN,74.898
2018,YR2018,Iraq,IRQ,70.473
2018,YR2018,Ireland,IRL,63.17
2018,YR2018,Isle of Man,IMN,52.588
2018,YR2018,Israel,ISR,92.418
2018,YR2018,Italy,ITA,70.438
2018,YR2018,Jamaica,JAM,55.674
2018,YR2018,Japan,JPN,91.616
2018,YR2018,Jordan,JOR,90.979
2018,YR2018,Kazakhstan,KAZ,57.428
2018,YR2018,Kenya,KEN,27.03
2018,YR2018,Kiribati,KIR,54.057
2018,YR2018,"Korea, Dem. People's Rep.",PRK,61.899
2018,YR2018,"Korea, Rep.",KOR,81.459
2018,YR2018,Kosovo,XKX
2018,YR2018,Kuwait,KWT,100
2018,YR2018,Kyrgyz Republic,KGZ,36.351
2018,YR2018,Lao PDR,LAO,35.004
2018,YR2018,Latvia,LVA,68.142
2018,YR2018,Lebanon,LBN,88.593
2018,YR2018,Lesotho,LSO,28.153
2018,YR2018,Liberia,LBR,51.151
2018,YR2018,Libya,LBY,80.102
2018,YR2018,Liechtenstein,LIE,14.338
2018,YR2018,Lithuania,LTU,67.679
2018,YR2018,Luxembourg,LUX,90.981
2018,YR2018,"Macao SAR, China",MAC,100
2018,YR2018,Madagascar,MDG,37.191
2018,YR2018,Malawi,MWI,16.937
2018,YR2018,Malaysia,MYS,76.036
2018,YR2018,Maldives,MDV,39.808
2018,YR2018,Mali,MLI,42.356
2018,YR2018,Malta,MLT,94.612
2018,YR2018,Marshall Islands,MHL,77.031
2018,YR2018,Mauritania,MRT,53.672
2018,YR2018,Mauritius,MUS,40.793
2018,YR2018,Mexico,MEX,80.156
2018,YR2018,"Micronesia, Fed. Sts.",FSM,22.703
2018,YR2018,Moldova,MDA,42.629
2018,YR2018,Monaco,MCO,100
2018,YR2018,Mongolia,MNG,68.445
2018,YR2018,Montenegro,MNE,66.813
2018,YR2018,Morocco,MAR,62.453
2018,YR2018,Mozambique,MOZ,35.988
2018,YR2018,Myanmar,MMR,30.579
2018,YR2018,Namibia,NAM,50.032
2018,YR2018,Nauru,NRU,100
2018,YR2018,Nepal,NPL,19.74
2018,YR2018,Netherlands,NLD,91.49
2018,YR2018,New Caledonia,NCL,70.683
2018,YR2018,New Zealand,NZL,86.538
2018,YR2018,Nicaragua,NIC,58.522
2018,YR2018,Niger,NER,16.425
2018,YR2018,Nigeria,NGA,50.344
2018,YR2018,North Macedonia,MKD,57.963
2018,YR2018,Northern Mariana Islands,MNP,91.618
2018,YR2018,Norway,NOR,82.248
2018,YR2018,Oman,OMN,84.539
2018,YR2018,Pakistan,PAK,36.666
2018,YR2018,Palau,PLW,79.93
2018,YR2018,Panama,PAN,67.709
2018,YR2018,Papua New Guinea,PNG,13.169
2018,YR2018,Paraguay,PRY,61.585
2018,YR2018,Peru,PER,77.907
2018,YR2018,Philippines,PHL,46.907
2018,YR2018,Poland,POL,60.058
2018,YR2018,Portugal,PRT,65.211
2018,YR2018,Puerto Rico,PRI,93.578
2018,YR2018,Qatar,QAT,99.135
2018,YR2018,Romania,ROU,53.998
2018,YR2018,Russian Federation,RUS,74.433
2018,YR2018,Rwanda,RWA,17.211
2018,YR2018,Samoa,WSM,18.243
2018,YR2018,San Marino,SMR,97.226
2018,YR2018,Sao Tome and Principe,STP,72.803
2018,YR2018,Saudi Arabia,SAU,83.844
2018,YR2018,Senegal,SEN,47.192
2018,YR2018,Serbia,SRB,56.092
2018,YR2018,Seychelles,SYC,56.691
2018,YR2018,Sierra Leone,SLE,42.055
2018,YR2018,Singapore,SGP,100
2018,YR2018,Sint Maarten (Dutch part),SXM,100
2018,YR2018,Slovak Republic,SVK,53.726
2018,YR2018,Slovenia,SVN,54.541
2018,YR2018,Solomon Islands,SLB,23.749
2018,YR2018,Somalia,SOM,44.971
2018,YR2018,South Africa,ZAF,66.355
2018,YR2018,South Sudan,SSD,19.615
2018,YR2018,Spain,ESP,80.321
2018,YR2018,Sri Lanka,LKA,18.476
2018,YR2018,St. Kitts and Nevis,KNA,30.776
2018,YR2018,St. Lucia,LCA,18.678
2018,YR2018,St. Martin (French part),MAF
2018,YR2018,St. Vincent and the Grenadines,VCT,52.198
2018,YR2018,Sudan,SDN,34.642
2018,YR2018,Suriname,SUR,66.06
2018,YR2018,Sweden,SWE,87.431
2018,YR2018,Switzerland,CHE,73.797
2018,YR2018,Syrian Arab Republic,SYR,54.162
2018,YR2018,Tajikistan,TJK,27.134
2018,YR2018,Tanzania,TZA,33.776
2018,YR2018,Thailand,THA,49.949
2018,YR2018,Timor-Leste,TLS,30.578
2018,YR2018,Togo,TGO,41.702
2018,YR2018,Tonga,TON,23.131
2018,YR2018,Trinidad and Tobago,TTO,53.184
2018,YR2018,Tunisia,TUN,68.945
2018,YR2018,Turkiye,TUR,75.143
2018,YR2018,Turkmenistan,TKM,51.593
2018,YR2018,Turks and Caicos Islands,TCA,93.098
2018,YR2018,Tuvalu,TUV,62.387
2018,YR2018,Uganda,UGA,23.774
2018,YR2018,Ukraine,UKR,69.352
2018,YR2018,United Arab Emirates,ARE,86.522
2018,YR2018,United Kingdom,GBR,83.398
2018,YR2018,United States,USA,82.256
2018,YR2018,Uruguay,URY,95.334
2018,YR2018,Uzbekistan,UZB,50.478
2018,YR2018,Vanuatu,VUT,25.274
2018,YR2018,"Venezuela, RB",VEN,88.208
2018,YR2018,Vietnam,VNM,35.919
2018,YR2018,Virgin Islands (U.S.),VIR,95.721
2018,YR2018,West Bank and Gaza,PSE,76.164
2018,YR2018,"Yemen, Rep.",YEM,36.642
2018,YR2018,Zambia,ZMB,43.521
2018,YR2018,Zimbabwe,ZWE,32.209
2019,YR2019,Afghanistan,AFG,25.754
2019,YR2019,Albania,ALB,61.229
2019,YR2019,Algeria,DZA,73.189
2019,YR2019,American Samoa,ASM,87.147
2019,YR2019,Andorra,AND,87.984
2019,YR2019,Angola,AGO,66.177
2019,YR2019,Antigua and Barbuda,ATG,24.506
2019,YR2019,Argentina,ARG,91.991
2019,YR2019,Armenia,ARM,63.219
2019,YR2019,Aruba,ABW,43.546
2019,YR2019,Australia,AUS,86.124
2019,YR2019,Austria,AUT,58.515
2019,YR2019,Azerbaijan,AZE,56.031
2019,YR2019,"Bahamas, The",BHS,83.132
2019,YR2019,Bahrain,BHR,89.394
2019,YR2019,Bangladesh,BGD,37.405
2019,YR2019,Barbados,BRB,31.158
2019,YR2019,Belarus,BLR,79.044
2019,YR2019,Belgium,BEL,98.041
2019,YR2019,Belize,BLZ,45.866
2019,YR2019,Benin,BEN,47.861
2019,YR2019,Bermuda,BMU,100
2019,YR2019,Bhutan,BTN,41.612
2019,YR2019,Bolivia,BOL,69.773
2019,YR2019,Bosnia and Herzegovina,BIH,48.626
2019,YR2019,Botswana,BWA,70.172
2019,YR2019,Brazil,BRA,86.824
2019,YR2019,British Virgin Islands,VGB,48.116
2019,YR2019,Brunei Darussalam,BRN,77.942
2019,YR2019,Bulgaria,BGR,75.347
2019,YR2019,Burkina Faso,BFA,29.98
2019,YR2019,Burundi,BDI,13.366
2019,YR2019,Cabo Verde,CPV,66.195
2019,YR2019,Cambodia,KHM,23.805
2019,YR2019,Cameroon,CMR,56.968
2019,YR2019,Canada,CAN,81.482
2019,YR2019,Cayman Islands,CYM,100
2019,YR2019,Central African Republic,CAF,41.77
2019,YR2019,Chad,TCD,23.279
2019,YR2019,Channel Islands,CHI,30.931
2019,YR2019,Chile,CHL,87.643
2019,YR2019,China,CHN,60.308
2019,YR2019,Colombia,COL,81.104
2019,YR2019,Comoros,COM,29.164
2019,YR2019,"Congo, Dem. Rep.",COD,45.046
2019,YR2019,"Congo, Rep.",COG,67.373
2019,YR2019,Costa Rica,CRI,80.076
2019,YR2019,Cote d'Ivoire,CIV,51.239
2019,YR2019,Croatia,HRV,57.242
2019,YR2019,Cuba,CUB,77.109
2019,YR2019,Curacao,CUW,89.098
2019,YR2019,Cyprus,CYP,66.805
2019,YR2019,Czechia,CZE,73.921
2019,YR2019,Denmark,DNK,87.994
2019,YR2019,Djibouti,DJI,77.915
2019,YR2019,Dominica,DMA,70.786
2019,YR2019,Dominican Republic,DOM,81.828
2019,YR2019,Ecuador,ECU,63.986
2019,YR2019,"Egypt, Arab Rep.",EGY,42.73
2019,YR2019,El Salvador,SLV,72.746
2019,YR2019,Equatorial Guinea,GNQ,72.627
2019,YR2019,Eritrea,ERI,40.712
2019,YR2019,Estonia,EST,69.051
2019,YR2019,Eswatini,SWZ,23.981
2019,YR2019,Ethiopia,ETH,21.225
2019,YR2019,Faroe Islands,FRO,42.225
2019,YR2019,Fiji,FJI,56.75
2019,YR2019,Finland,FIN,85.446
2019,YR2019,France,FRA,80.709
2019,YR2019,French Polynesia,PYF,61.897
2019,YR2019,Gabon,GAB,89.741
2019,YR2019,"Gambia, The",GMB,61.931
2019,YR2019,Georgia,GEO,59.039
2019,YR2019,Germany,DEU,77.376
2019,YR2019,Ghana,GHA,56.707
2019,YR2019,Gibraltar,GIB,100
2019,YR2019,Greece,GRC,79.388
2019,YR2019,Greenland,GRL,87.052
2019,YR2019,Grenada,GRD,36.396
2019,YR2019,Guam,GUM,94.859
2019,YR2019,Guatemala,GTM,51.439
2019,YR2019,Guinea,GIN,36.5
2019,YR2019,Guinea-Bissau,GNB,43.777
2019,YR2019,Guyana,GUY,26.689
2019,YR2019,Haiti,HTI,56.192
2019,YR2019,Honduras,HND,57.73
2019,YR2019,"Hong Kong SAR, China",HKG,100
2019,YR2019,Hungary,HUN,71.644
2019,YR2019,Iceland,ISL,93.855
2019,YR2019,India,IND,34.472
2019,YR2019,Indonesia,IDN,55.985
2019,YR2019,"Iran, Islamic Rep.",IRN,75.391
2019,YR2019,Iraq,IRQ,70.678
2019,YR2019,Ireland,IRL,63.405
2019,YR2019,Isle of Man,IMN,52.735
2019,YR2019,Israel,ISR,92.501
2019,YR2019,Italy,ITA,70.736
2019,YR2019,Jamaica,JAM,55.985
2019,YR2019,Japan,JPN,91.698
2019,YR2019,Jordan,JOR,91.203
2019,YR2019,Kazakhstan,KAZ,57.54
2019,YR2019,Kenya,KEN,27.507
2019,YR2019,Kiribati,KIR,54.835
2019,YR2019,"Korea, Dem. People's Rep.",PRK,62.134
2019,YR2019,"Korea, Rep.",KOR,81.43
2019,YR2019,Kosovo,XKX
2019,YR2019,Kuwait,KWT,100
2019,YR2019,Kyrgyz Republic,KGZ,36.591
2019,YR2019,Lao PDR,LAO,35.645
2019,YR2019,Latvia,LVA,68.222
2019,YR2019,Lebanon,LBN,88.758
2019,YR2019,Lesotho,LSO,28.585
2019,YR2019,Liberia,LBR,51.615
2019,YR2019,Libya,LBY,80.393
2019,YR2019,Liechtenstein,LIE,14.371
2019,YR2019,Lithuania,LTU,67.855
2019,YR2019,Luxembourg,LUX,91.223
2019,YR2019,"Macao SAR, China",MAC,100
2019,YR2019,Madagascar,MDG,37.861
2019,YR2019,Malawi,MWI,17.174
2019,YR2019,Malaysia,MYS,76.607
2019,YR2019,Maldives,MDV,40.238
2019,YR2019,Mali,MLI,43.136
2019,YR2019,Malta,MLT,94.678
2019,YR2019,Marshall Islands,MHL,77.417
2019,YR2019,Mauritania,MRT,54.507
2019,YR2019,Mauritius,MUS,40.766
2019,YR2019,Mexico,MEX,80.444
2019,YR2019,"Micronesia, Fed. Sts.",FSM,22.812
2019,YR2019,Moldova,MDA,42.726
2019,YR2019,Monaco,MCO,100
2019,YR2019,Mongolia,MNG,68.543
2019,YR2019,Montenegro,MNE,67.15
2019,YR2019,Morocco,MAR,62.994
2019,YR2019,Mozambique,MOZ,36.528
2019,YR2019,Myanmar,MMR,30.852
2019,YR2019,Namibia,NAM,51.042
2019,YR2019,Nauru,NRU,100
2019,YR2019,Nepal,NPL,20.153
2019,YR2019,Netherlands,NLD,91.876
2019,YR2019,New Caledonia,NCL,71.104
2019,YR2019,New Zealand,NZL,86.615
2019,YR2019,Nicaragua,NIC,58.76
2019,YR2019,Niger,NER,16.517
2019,YR2019,Nigeria,NGA,51.157
2019,YR2019,North Macedonia,MKD,58.208
2019,YR2019,Northern Mariana Islands,MNP,91.708
2019,YR2019,Norway,NOR,82.616
2019,YR2019,Oman,OMN,85.443
2019,YR2019,Pakistan,PAK,36.907
2019,YR2019,Palau,PLW,80.47
2019,YR2019,Panama,PAN,68.059
2019,YR2019,Papua New Guinea,PNG,13.25
2019,YR2019,Paraguay,PRY,61.879
2019,YR2019,Peru,PER,78.099
2019,YR2019,Philippines,PHL,47.149
2019,YR2019,Poland,POL,60.037
2019,YR2019,Portugal,PRT,65.764
2019,YR2019,Puerto Rico,PRI,93.576
2019,YR2019,Qatar,QAT,99.188
2019,YR2019,Romania,ROU,54.084
2019,YR2019,Russian Federation,RUS,74.587
2019,YR2019,Rwanda,RWA,17.313
2019,YR2019,Samoa,WSM,18.056
2019,YR2019,San Marino,SMR,97.368
2019,YR2019,Sao Tome and Principe,STP,73.598
2019,YR2019,Saudi Arabia,SAU,84.065
2019,YR2019,Senegal,SEN,47.653
2019,YR2019,Serbia,SRB,56.26
2019,YR2019,Seychelles,SYC,57.119
2019,YR2019,Sierra Leone,SLE,42.484
2019,YR2019,Singapore,SGP,100
2019,YR2019,Sint Maarten (Dutch part),SXM,100
2019,YR2019,Slovak Republic,SVK,53.729
2019,YR2019,Slovenia,SVN,54.822
2019,YR2019,Solomon Islands,SLB,24.21
2019,YR2019,Somalia,SOM,45.554
2019,YR2019,South Africa,ZAF,66.856
2019,YR2019,South Sudan,SSD,19.899
2019,YR2019,Spain,ESP,80.565
2019,YR2019,Sri Lanka,LKA,18.585
2019,YR2019,St. Kitts and Nevis,KNA,30.799
2019,YR2019,St. Lucia,LCA,18.754
2019,YR2019,St. Martin (French part),MAF
2019,YR2019,St. Vincent and the Grenadines,VCT,52.614
2019,YR2019,Sudan,SDN,34.936
2019,YR2019,Suriname,SUR,66.095
2019,YR2019,Sweden,SWE,87.708
2019,YR2019,Switzerland,CHE,73.849
2019,YR2019,Syrian Arab Republic,SYR,54.821
2019,YR2019,Tajikistan,TJK,27.309
2019,YR2019,Tanzania,TZA,34.5
2019,YR2019,Thailand,THA,50.692
2019,YR2019,Timor-Leste,TLS,30.947
2019,YR2019,Togo,TGO,42.248
2019,YR2019,Tonga,TON,23.107
2019,YR2019,Trinidad and Tobago,TTO,53.187
2019,YR2019,Tunisia,TUN,69.254
2019,YR2019,Turkiye,TUR,75.63
2019,YR2019,Turkmenistan,TKM,52.048
2019,YR2019,Turks and Caicos Islands,TCA,93.36
2019,YR2019,Tuvalu,TUV,63.215
2019,YR2019,Uganda,UGA,24.361
2019,YR2019,Ukraine,UKR,69.473
2019,YR2019,United Arab Emirates,ARE,86.789
2019,YR2019,United Kingdom,GBR,83.652
2019,YR2019,United States,USA,82.459
2019,YR2019,Uruguay,URY,95.426
2019,YR2019,Uzbekistan,UZB,50.433
2019,YR2019,Vanuatu,VUT,25.394
2019,YR2019,"Venezuela, RB",VEN,88.24
2019,YR2019,Vietnam,VNM,36.628
2019,YR2019,Virgin Islands (U.S.),VIR,95.832
2019,YR2019,West Bank and Gaza,PSE,76.44
2019,YR2019,"Yemen, Rep.",YEM,37.273
2019,YR2019,Zambia,ZMB,44.072
2019,YR2019,Zimbabwe,ZWE,32.21
2020,YR2020,Afghanistan,AFG,26.026
2020,YR2020,Albania,ALB,62.112
2020,YR2020,Algeria,DZA,73.733
2020,YR2020,American Samoa,ASM,87.153
2020,YR2020,Andorra,AND,87.916
2020,YR2020,Angola,AGO,66.825
2020,YR2020,Antigua and Barbuda,ATG,24.433
2020,YR2020,Argentina,ARG,92.111
2020,YR2020,Armenia,ARM,63.313
2020,YR2020,Aruba,ABW,43.697
2020,YR2020,Australia,AUS,86.241
2020,YR2020,Austria,AUT,58.748
2020,YR2020,Azerbaijan,AZE,56.397
2020,YR2020,"Bahamas, The",BHS,83.245
2020,YR2020,Bahrain,BHR,89.506
2020,YR2020,Bangladesh,BGD,38.177
2020,YR2020,Barbados,BRB,31.191
2020,YR2020,Belarus,BLR,79.483
2020,YR2020,Belgium,BEL,98.079
2020,YR2020,Belize,BLZ,46.025
2020,YR2020,Benin,BEN,48.415
2020,YR2020,Bermuda,BMU,100
2020,YR2020,Bhutan,BTN,42.316
2020,YR2020,Bolivia,BOL,70.123
2020,YR2020,Bosnia and Herzegovina,BIH,49.02
2020,YR2020,Botswana,BWA,70.877
2020,YR2020,Brazil,BRA,87.073
2020,YR2020,British Virgin Islands,VGB,48.515
2020,YR2020,Brunei Darussalam,BRN,78.25
2020,YR2020,Bulgaria,BGR,75.686
2020,YR2020,Burkina Faso,BFA,30.607
2020,YR2020,Burundi,BDI,13.708
2020,YR2020,Cabo Verde,CPV,66.652
2020,YR2020,Cambodia,KHM,24.232
2020,YR2020,Cameroon,CMR,57.56
2020,YR2020,Canada,CAN,81.562
2020,YR2020,Cayman Islands,CYM,100
2020,YR2020,Central African Republic,CAF,42.198
2020,YR2020,Chad,TCD,23.52
2020,YR2020,Channel Islands,CHI,30.963
2020,YR2020,Chile,CHL,87.727
2020,YR2020,China,CHN,61.428
2020,YR2020,Colombia,COL,81.425
2020,YR2020,Comoros,COM,29.38
2020,YR2020,"Congo, Dem. Rep.",COD,45.638
2020,YR2020,"Congo, Rep.",COG,67.829
2020,YR2020,Costa Rica,CRI,80.771
2020,YR2020,Cote d'Ivoire,CIV,51.706
2020,YR2020,Croatia,HRV,57.553
2020,YR2020,Cuba,CUB,77.194
2020,YR2020,Curacao,CUW,89.062
2020,YR2020,Cyprus,CYP,66.821
2020,YR2020,Czechia,CZE,74.061
2020,YR2020,Denmark,DNK,88.116
2020,YR2020,Djibouti,DJI,78.062
2020,YR2020,Dominica,DMA,71.09
2020,YR2020,Dominican Republic,DOM,82.54
2020,YR2020,Ecuador,ECU,64.166
2020,YR2020,"Egypt, Arab Rep.",EGY,42.783
2020,YR2020,El Salvador,SLV,73.444
2020,YR2020,Equatorial Guinea,GNQ,73.1
2020,YR2020,Eritrea,ERI,41.347
2020,YR2020,Estonia,EST,69.229
2020,YR2020,Eswatini,SWZ,24.171
2020,YR2020,Ethiopia,ETH,21.695
2020,YR2020,Faroe Islands,FRO,42.398
2020,YR2020,Fiji,FJI,57.247
2020,YR2020,Finland,FIN,85.517
2020,YR2020,France,FRA,80.975
2020,YR2020,French Polynesia,PYF,61.975
2020,YR2020,Gabon,GAB,90.092
2020,YR2020,"Gambia, The",GMB,62.582
2020,YR2020,Georgia,GEO,59.453
2020,YR2020,Germany,DEU,77.453
2020,YR2020,Ghana,GHA,57.349
2020,YR2020,Gibraltar,GIB,100
2020,YR2020,Greece,GRC,79.715
2020,YR2020,Greenland,GRL,87.282
2020,YR2020,Grenada,GRD,36.537
2020,YR2020,Guam,GUM,94.938
2020,YR2020,Guatemala,GTM,51.836
2020,YR2020,Guinea,GIN,36.875
2020,YR2020,Guinea-Bissau,GNB,44.196
2020,YR2020,Guyana,GUY,26.786
2020,YR2020,Haiti,HTI,57.088
2020,YR2020,Honduras,HND,58.359
2020,YR2020,"Hong Kong SAR, China",HKG,100
2020,YR2020,Hungary,HUN,71.942
2020,YR2020,Iceland,ISL,93.898
2020,YR2020,India,IND,34.926
2020,YR2020,Indonesia,IDN,56.641
2020,YR2020,"Iran, Islamic Rep.",IRN,75.874
2020,YR2020,Iraq,IRQ,70.893
2020,YR2020,Ireland,IRL,63.653
2020,YR2020,Isle of Man,IMN,52.898
2020,YR2020,Israel,ISR,92.587
2020,YR2020,Italy,ITA,71.039
2020,YR2020,Jamaica,JAM,56.311
2020,YR2020,Japan,JPN,91.782
2020,YR2020,Jordan,JOR,91.418
2020,YR2020,Kazakhstan,KAZ,57.671
2020,YR2020,Kenya,KEN,27.995
2020,YR2020,Kiribati,KIR,55.594
2020,YR2020,"Korea, Dem. People's Rep.",PRK,62.381
2020,YR2020,"Korea, Rep.",KOR,81.414
2020,YR2020,Kosovo,XKX
2020,YR2020,Kuwait,KWT,100
2020,YR2020,Kyrgyz Republic,KGZ,36.856
2020,YR2020,Lao PDR,LAO,36.29
2020,YR2020,Latvia,LVA,68.315
2020,YR2020,Lebanon,LBN,88.925
2020,YR2020,Lesotho,LSO,29.028
2020,YR2020,Liberia,LBR,52.089
2020,YR2020,Libya,LBY,80.691
2020,YR2020,Liechtenstein,LIE,14.416
2020,YR2020,Lithuania,LTU,68.046
2020,YR2020,Luxembourg,LUX,91.453
2020,YR2020,"Macao SAR, China",MAC,100
2020,YR2020,Madagascar,MDG,38.534
2020,YR2020,Malawi,MWI,17.427
2020,YR2020,Malaysia,MYS,77.16
2020,YR2020,Maldives,MDV,40.669
2020,YR2020,Mali,MLI,43.909
2020,YR2020,Malta,MLT,94.744
2020,YR2020,Marshall Islands,MHL,77.794
2020,YR2020,Mauritania,MRT,55.327
2020,YR2020,Mauritius,MUS,40.76
2020,YR2020,Mexico,MEX,80.731
2020,YR2020,"Micronesia, Fed. Sts.",FSM,22.933
2020,YR2020,Moldova,MDA,42.849
2020,YR2020,Monaco,MCO,100
2020,YR2020,Mongolia,MNG,68.657
2020,YR2020,Montenegro,MNE,67.488
2020,YR2020,Morocco,MAR,63.532
2020,YR2020,Mozambique,MOZ,37.074
2020,YR2020,Myanmar,MMR,31.141
2020,YR2020,Namibia,NAM,52.033
2020,YR2020,Nauru,NRU,100
2020,YR2020,Nepal,NPL,20.576
2020,YR2020,Netherlands,NLD,92.236
2020,YR2020,New Caledonia,NCL,71.518
2020,YR2020,New Zealand,NZL,86.699
2020,YR2020,Nicaragua,NIC,59.012
2020,YR2020,Niger,NER,16.626
2020,YR2020,Nigeria,NGA,51.958
2020,YR2020,North Macedonia,MKD,58.482
2020,YR2020,Northern Mariana Islands,MNP,91.798
2020,YR2020,Norway,NOR,82.974
2020,YR2020,Oman,OMN,86.276
2020,YR2020,Pakistan,PAK,37.165
2020,YR2020,Palau,PLW,80.988
2020,YR2020,Panama,PAN,68.414
2020,YR2020,Papua New Guinea,PNG,13.345
2020,YR2020,Paraguay,PRY,62.183
2020,YR2020,Peru,PER,78.297
2020,YR2020,Philippines,PHL,47.408
2020,YR2020,Poland,POL,60.043
2020,YR2020,Portugal,PRT,66.31
2020,YR2020,Puerto Rico,PRI,93.581
2020,YR2020,Qatar,QAT,99.235
2020,YR2020,Romania,ROU,54.194
2020,YR2020,Russian Federation,RUS,74.754
2020,YR2020,Rwanda,RWA,17.432
2020,YR2020,Samoa,WSM,17.889
2020,YR2020,San Marino,SMR,97.499
2020,YR2020,Sao Tome and Principe,STP,74.354
2020,YR2020,Saudi Arabia,SAU,84.287
2020,YR2020,Senegal,SEN,48.122
2020,YR2020,Serbia,SRB,56.446
2020,YR2020,Seychelles,SYC,57.546
2020,YR2020,Sierra Leone,SLE,42.923
2020,YR2020,Singapore,SGP,100
2020,YR2020,Sint Maarten (Dutch part),SXM,100
2020,YR2020,Slovak Republic,SVK,53.76
2020,YR2020,Slovenia,SVN,55.118
2020,YR2020,Solomon Islands,SLB,24.67
2020,YR2020,Somalia,SOM,46.141
2020,YR2020,South Africa,ZAF,67.354
2020,YR2020,South Sudan,SSD,20.199
2020,YR2020,Spain,ESP,80.81
2020,YR2020,Sri Lanka,LKA,18.713
2020,YR2020,St. Kitts and Nevis,KNA,30.843
2020,YR2020,St. Lucia,LCA,18.841
2020,YR2020,St. Martin (French part),MAF
2020,YR2020,St. Vincent and the Grenadines,VCT,53.032
2020,YR2020,Sudan,SDN,35.253
2020,YR2020,Suriname,SUR,66.149
2020,YR2020,Sweden,SWE,87.977
2020,YR2020,Switzerland,CHE,73.915
2020,YR2020,Syrian Arab Republic,SYR,55.475
2020,YR2020,Tajikistan,TJK,27.506
2020,YR2020,Tanzania,TZA,35.227
2020,YR2020,Thailand,THA,51.43
2020,YR2020,Timor-Leste,TLS,31.32
2020,YR2020,Togo,TGO,42.8
2020,YR2020,Tonga,TON,23.099
2020,YR2020,Trinidad and Tobago,TTO,53.214
2020,YR2020,Tunisia,TUN,69.568
2020,YR2020,Turkiye,TUR,76.105
2020,YR2020,Turkmenistan,TKM,52.516
2020,YR2020,Turks and Caicos Islands,TCA,93.605
2020,YR2020,Tuvalu,TUV,64.014
2020,YR2020,Uganda,UGA,24.954
2020,YR2020,Ukraine,UKR,69.608
2020,YR2020,United Arab Emirates,ARE,87.048
2020,YR2020,United Kingdom,GBR,83.903
2020,YR2020,United States,USA,82.664
2020,YR2020,Uruguay,URY,95.515
2020,YR2020,Uzbekistan,UZB,50.416
2020,YR2020,Vanuatu,VUT,25.525
2020,YR2020,"Venezuela, RB",VEN,88.279
2020,YR2020,Vietnam,VNM,37.34
2020,YR2020,Virgin Islands (U.S.),VIR,95.939
2020,YR2020,West Bank and Gaza,PSE,76.719
2020,YR2020,"Yemen, Rep.",YEM,37.908
2020,YR2020,Zambia,ZMB,44.629
2020,YR2020,Zimbabwe,ZWE,32.242
